INSERT INTO aluno (nome, sobrenome, matricula, nascimento, cpf, email, telefone, status_aluno)
VALUES   
    ('Cláudio', 'Ramos', '693714', '1989-03-05', '331.761.027-12', 'claudiojuanramos@india.com', '(21) 99233-8545', 'desistente'),
    ('Bernardo', 'Ferreira', '862537', '2006-09-23', '221.973.560-79', 'bernardoferr@exemplo.com', '(21) 98876-5432', 'matriculado'),
    ('Rafaela', 'Silva', '759312', '2007-05-12', '138.049.327-01', 'rafaelasilva@gmail.com', '(21) 99999-1234', 'matriculado'),
    ('Camila', 'Oliveira', '128974', '2006-07-18', '852.914.260-44', 'camila.oliveira@email.com', '(21) 98765-4321', 'matriculado'),
    ('Gustavo', 'Souza', '653820', '1988-12-30', '719.832.649-20', 'gustavosouza@example.com', '(21) 99432-5678', 'matriculado'),
    ('Luciana', 'Martins', '405216', '1985-06-14', '619.438.572-37', 'lucianamartins@example.com', '(21) 98765-4321', 'pendente'),
    ('Larissa', 'Gomes', '123456', '1984-04-26', '479.719.347-69', 'larissa.elisa.gomes@outlook.com', '(21) 99962-4760', 'matriculado'),
    ('Martin', 'Cardoso', '654321', '1995-03-20', '082.765.957-15', 'martin.henry.cardoso@cressem.com.br', '(22) 99389-3439', 'matriculado'),
    ('Beatriz', 'Conceição', '234567', '1992-03-24', '059.430.997-27', 'beatriz_sonia_daconceicao@drimenezes.com', '(24) 99637-0912', 'matriculado'),
    ('Clarice', 'Luz', '789012', '2002-04-12', '043.580.147-39', 'clarice_sabrina_daluz@jcoronel.com.br', '(21) 98818-9815', 'desistente'),
    ('Sabrina', 'Silva', '345678', '1999-04-13', '747.275.347-54', 'sabrina_bruna_dasilva@usp.br', '(22) 99323-1715', 'pendente'),
    ('Matheus', 'Brito', '890123', '1991-02-12', '534.944.667-34', 'matheus_otavio_brito@abcautoservice.net', '(21) 98633-1741', 'matriculado'),
    ('Elias', 'Ferreira', '456789', '2003-03-19', '047.636.737-93', 'elias-ferreira84@sanidet.com.br', '(21) 98356-0409', 'matriculado'),
    ('Sebastião', 'Carvalho', '567890', '2000-04-13', '453.151.047-02', 'sebastiao.fabio.carvalho@yaooh.com', '(22) 99864-8301', 'matriculado'),
    ('Levi', 'Novaes', '123456', '2005-02-25', '376.991.287-02', 'levi_novaes@estadao.com.br', '(21) 99821-6344', 'matriculado'),
    ('Emanuelly', 'Lima', '654321', '2002-02-22', '115.386.237-90', 'emanuelly.natalia.lima@clickfios.com.br', '(21) 98469-8856', 'matriculado'),
    ('Benedito', 'Monteiro', '234567', '2001-05-06', '612.070.417-50', 'benedito_anthony_monteiro@cursomarcato.com.br', '(21) 99886-2389', 'matriculado'),
    ('Carolina', 'Moura', '789012', '1999-05-11', '229.344.707-33', 'carolinasuelimoura@malosti.com.br', '(21) 98682-5413', 'matriculado'),
    ('Isabelle', 'Jesus', '345678', '2003-02-02', '997.270.937-01', 'isabelle.andreia.jesus@yoma.com.br', '(21) 98848-2480', 'matriculado'),
    ('Allana', 'Farias', '890123', '1995-03-16', '308.227.547-89', 'allana.marina.farias@outlook.com', '(21) 99358-8842', 'matriculado'),
    ('Elaine', 'Ramos', '456789', '1989-04-06', '789.660.567-84', 'elaine_emily_ramos@aliancacadeiras.com.br', '(24) 98559-2304', 'desistente'),
    ('Carlos', 'Caldeira', '123456', '2001-05-07', '277.680.507-11', 'carlos-caldeira72@hellokitty.com', '(21) 98106-0784', 'matriculado'),
    ('Hugo', 'Rodrigues', '654321', '1986-04-09', '574.183.627-57', 'hugo-rodrigues74@santosdumonthospital.com', '(21) 99719-0434', 'matriculado'),
    ('Gael', 'Alves', '234567', '2004-05-12', '834.779.477-46', 'gaelbrenoalves@candello.abv.br', '(21) 99845-4992', 'matriculado'),
    ('Bryan', 'da Cunha', '789012', '1990-01-26', '005.689.047-88', 'bryansebastiaodacunha@corp.inf.br', '(21) 99147-5022', 'desistente'),
    ('Levi', 'Assis', '345678', '1999-01-15', '192.774.527-65', 'levi_assis@semco.com.br', '(21) 99245-0560', 'matriculado'),
    ('Luan', 'Gonçalves', '890123', '2003-02-10', '308.035.117-79', 'luan_fabio_goncalves@saa.com.br', '(21) 99246-7668', 'matriculado'),
    ('Carlos', 'Barros', '456789', '2007-05-11', '505.883.667-06', 'carlos.thiago.barros@ornatopresentes.com.br', '(21) 99599-6097', 'matriculado'),
   ('Maya', 'Martins', '456789', '2006-01-18', '363.455.707-96', 'maya_martins@soelegancia.com.br', '(22) 98984-1125', 'pendente'), 
    ('Bianca', 'Sales', '987654', '1998-02-14', '476.461.827-37', 'bianca.jessica.sales@vmetaiscba.com.br', '(21) 98749-1018', 'desistente'),
    ('Heloisa', 'Alves', '123456', '1993-04-17', '975.988.377-59', 'heloisa_alves@bhcervejas.com.br', '(24) 99463-0990', 'matriculado'),
    ('Esther', 'de Paula', '789012', '2002-04-11', '621.054.237-95', 'esther.jennifer.depaula@facebook.com', '(21) 99121-9394', 'matriculado'),
    ('Yago', 'Moraes', '345678', '2004-04-26', '047.527.577-29', 'yago-moraes76@andressamelo.com.br', '(21) 99204-2783', 'matriculado'),
    ('Márcio', 'Ramos', '901234', '1997-01-23', '783.745.567-30', 'marcio_ramos@amoreencantos.com', '(21) 98925-4492', 'matriculado'),
    ('Benedito', 'da Silva', '567890', '2006-04-19', '885.508.767-39', 'benedito.raimundo.dasilva@gruppoitalia.com.br', '(21) 99286-7774', 'matriculado'),
    ('Ayla', 'Cavalcanti', '693714', '1999-03-22', '977.126.047-20', 'ayla_cavalcanti@formulaweb.com.br', '(21) 99504-1218', 'matriculado'),
    ('Luiza', 'Nogueira', '862537', '1993-01-20', '620.254.237-30', 'luiza_aparecida_nogueira@ruilacos.com.br', '(24) 99245-3800', 'pendente'), 
    ('João', 'Paz', '573809', '2002-05-08', '821.042.567-63', 'joaoenricodapaz@amordeconvite.com.br', '(22) 99602-9878', 'matriculado'),
    ('Kaique', 'Novaes', '951023', '1999-05-10', '804.220.087-02', 'kaique.lorenzo.novaes@graffiti.net', '(21) 99933-1324', 'matriculado'),
    ('Ester', 'Barros', '148952', '2004-03-09', '541.785.537-55', 'ester_barros@redhouse.com.br', '(21) 98199-0879', 'matriculado'),
    ('Elias', 'Galvão', '237194', '2001-01-22', '133.158.627-53', 'elias_gael_galvao@live.jp', '(21) 98103-0474', 'desistente'),
    ('Henry', 'Lima', '609285', '2000-05-07', '387.795.257-76', 'henry.roberto.lima@regler.com.br', '(24) 99571-3006', 'matriculado'),
    ('Iago', 'Assis', '435267', '1999-05-05', '564.216.597-64', 'iagopietroassis@plenamenterh.com.br', '(21) 99216-6972', 'matriculado'),
    ('Natália', 'Carvalho', '957823', '1998-02-14', '706.900.867-84', 'natalia_carvalho@publiout.com.br', '(22) 99438-2587', 'matriculado'),
    ('Lara', 'Cavalcanti', '316425', '1990-02-06', '003.696.807-23', 'lara_cavalcanti@univap.br', '(21) 99508-8944', 'matriculado'),
    ('Valentina', 'Teixeira', '782943', '2000-04-03', '969.153.977-28', 'valentina-teixeira71@navescorat.com.br', '(21) 98296-6701', 'matriculado'),
    ('Paulo Cláudio', 'Nunes', '529814', '2006-04-21', '589.106.707-20', 'paulo_nunes@hotmailo.com', '(21) 99999-1357', 'matriculado'),
    ('Benjamin Victor', 'Conceição', '617895', '2004-02-15', '088.030.207-05', 'benjamin_daconceicao@mcpsolucoesgraficas.com.br', '(22) 99884-5603', 'matriculado'),
    ('Davi André', 'da Luz', '741236', '2003-04-18', '370.209.057-65', 'davi_andre_daluz@saae.sp.gov.br', '(21) 98974-1935', 'desistente'),
    ('Roberta Rita', 'da Silva', '784921', '1996-12-30', '380.209.057-65', 'roberta.marcolino@saae.sp.gov.br', '(21) 98974-1935', 'desistente');

INSERT INTO responsavel (nome, sobrenome, rg) 
VALUES
	('Evelyn', 'Stella Laís Rezende', '31.502.552-9'),
	('Mário', 'Lucas Fábio Martins', '35.456.667-2'),
	('Paulo', 'Mário Vicente Campos', '11.865.624-7'),
	('Mário', 'Pedro das Neves', '13.712.558-6'),
	('Simone', 'Ayla Castro', '28.061.285-0'),
	('Valentina', 'Sophia Silva', '19.640.306-6');

INSERT INTO curso (nome, descricao, duracao) 
VALUES 
	('Desenvolvimento Web Full Stack', 'Curso abrangente sobre desenvolvimento web, abordando front-end e back-end.', 180),
	('Introdução à Ciência de Dados', 'Curso introdutório sobre técnicas e ferramentas de análise de dados.', 60),
	('Segurança da Informação', 'Curso focado em práticas e técnicas para garantir a segurança de sistemas e redes.', 90),
	('Machine Learning e Inteligência Artificial', 'Curso avançado sobre algoritmos de aprendizado de máquina e IA.', 120),
	('Desenvolvimento de Aplicativos Móveis', 'Curso prático sobre o desenvolvimento de aplicativos para dispositivos móveis.', 150),
	('Administração de Bancos de Dados', 'Curso abrangente sobre administração e otimização de bancos de dados.', 120),
	('Redes de Computadores', 'Curso introdutório sobre protocolos, topologias e segurança de redes.', 90),
	('Liderança e Gestão de Equipes', 'Aprenda a liderar equipes com eficiência e inspirar colaboradores.', 10),
	('Resolução de Conflitos', 'Desenvolva técnicas para lidar com conflitos de forma construtiva.', 22),
	('Inteligência Emocional', 'Aprenda a reconhecer, entender e gerenciar suas próprias emoções e as dos outros.', 20),
	('Gestão do Tempo', 'Desenvolva habilidades para gerenciar seu tempo de forma mais eficaz e produtiva.', 16);

INSERT INTO modulo (nome, descricao, num_aulas, curso_id) 
VALUES 
	('Front-end Development', 'Aprenda as tecnologias e práticas essenciais para o desenvolvimento de interfaces de usuário.', 12, 1), 
	('Back-end Development', 'Aprenda a construir e gerenciar servidores e bancos de dados para aplicativos web.', 10, 1),
	('Introdução ao Python', 'Conheça os conceitos básicos e a sintaxe da linguagem de programação Python.', 8, 2), 
	('Segurança de Rede', 'Aprenda sobre os principais princípios e práticas de segurança em redes de computadores.', 6, 3),
	('Algoritmos de Aprendizado de Máquina', 'Explore os conceitos fundamentais por trás dos algoritmos de ML e sua implementação.', 10, 4), 
	('Desenvolvimento para Android', 'Aprenda a criar aplicativos para dispositivos móveis com o sistema operacional Android.', 8, 5), 
	('Introdução ao SQL', 'Conheça os conceitos básicos da linguagem SQL para manipulação de bancos de dados relacionais.', 6, 6), 
	('Protocolos de Rede', 'Estude os principais protocolos de rede e suas aplicações na comunicação de dados.', 6, 7), 
	('Liderança Inspiradora', 'Desenvolva habilidades de liderança para inspirar e motivar sua equipe em direção aos objetivos comuns.', 5, 8), 
	('Negociação Construtiva', 'Aprenda técnicas eficazes de negociação para resolver conflitos de maneira positiva e colaborativa.', 6, 9),
	('Autoconhecimento e Empatia', 'Explore estratégias para desenvolver uma inteligência emocional mais elevada e construir relacionamentos positivos.', 6, 10),
	('Organização e Priorização', 'Descubra ferramentas e métodos para gerenciar seu tempo de forma mais eficaz e produtiva.', 4, 11); 

INSERT INTO facilitador (nome, sobrenome, nascimento, cpf, status_facilitador, email, telefone, matricula) 
VALUES
    ('Rafael', 'Jesus', '1985-05-09', '550.954.687-51', 'ativo', 'rafaela-jesus95@vanguarda.tv', '(21) 98822-3053', '123456'),
    ('Nicolas', 'Fernandes', '1982-04-18', '010.414.047-00', 'ativo', 'nicolas_fernandes@band.com.br', '(21) 99285-4775', '234567'),
    ('Kamilla', 'Aparício', '1991-05-08', '928.534.377-52', 'inativo', 'kamilly.esther.aparicio@johndeere.com', '(21) 99939-3070', '345678'),
    ('Cláudio', 'Porto', '1980-04-12', '622.348.797-52', 'ativo', 'claudio.joao.porto@signa.net.br', '(21) 98547-4258', '456789'),
    ('Alice', 'Cavalcanti', '1991-03-15', '562.379.577-31', 'ativo', 'ayla_cavalcanti@fingrs.com.br', '(22) 98347-4765', '567890'),
    ('Caleb', 'Novaes', '1996-03-06', '256.370.987-35', 'ativo', 'calebtiagonovaes@life.com', '(21) 99305-4032', '678901'),
    ('José', 'Santos', '1990-04-02', '411.333.777-26', 'inativo', 'jose.mateus.santos@mail.com', '(21) 98605-7827', '789012'),
    ('Isabela', 'Souza', '1987-02-14', '946.017.677-17', 'ativo', 'isa.tania.souza@kaynak.com.br', '(21) 99153-6135', '890123'),
    ('Ricardo', 'Figueiredo', '1995-01-24', '421.970.777-83', 'ativo', 'ricardo.@arecocomercial.com.br', '(21) 98511-3380', '901234'),
    ('Sérgio', 'Gomes', '1993-04-16', '129.296.727-73', 'inativo', 'sergio.gabriel@agenziamarketing.com.br', '(21) 99169-1592', '012345');
    
INSERT INTO area (desenvol_web, ciencia_dados, seguranca_info, machine_learning, desenvol_apps, adm_bd, redes_comput, soft_skills) 
VALUES 
	(1, 0, 0, 0, 0, 0, 0, 0),
	(0, 1, 0, 0, 0, 0, 0, 0), 
	(0, 0, 1, 0, 0, 0, 0, 0), 
	(0, 0, 0, 1, 0, 0, 0, 0), 
	(0, 0, 0, 0, 1, 0, 0, 0), 
	(0, 0, 0, 0, 0, 1, 0, 0), 
	(0, 0, 0, 0, 0, 0, 1, 0), 
	(0, 0, 0, 0, 0, 0, 0, 1); 

INSERT INTO endereco (cep, rua, numero, bairro, cidade)
VALUES
    ('25237-230', 'Rua V', 648, 'Cidade dos Meninos', 'Duque de Caxias'),
	('27322-250', 'Rua Júlio Castilho', 804, 'Nossa Senhora do Amparo', 'Barra Mansa'),
	('24322-500', 'Estrada do Ourives', 134, 'Pendotiba', 'Niterói'),
	('28010-280', 'Rua Marechal Deodoro', 620, 'Centro', 'Rio de Janeiro'),
	('28605-570', 'Rua Pedro Alberto', 710, 'Amparo', 'Nova Friburgo'),
	('26127-342', 'Travessa São Miguel', 682, 'Shangri-lá', 'Belford Roxo'),
	('22725-425', 'Rua Santa luzia', 185, 'Taquara', 'Rio de Janeiro'),
	('24436-460', 'Rua Cristóvão Martins Rodrigues', 913, 'Porto Novo', 'São Gonçalo');

INSERT INTO unidade (nome, telefone, endereco_id)
VALUES
    ('Unidade 1', '(21) 1234-5678', 1),
    ('Unidade 2', '(21) 2345-6789', 2),
    ('Unidade 3', '(21) 3456-7890', 3),
    ('Unidade 4', '(21) 4567-8901', 4),
    ('Unidade 5', '(21) 5678-9012', 5),
    ('Unidade 6', '(21) 6789-0123', 6),
    ('Unidade 7', '(21) 7890-1234', 7),
    ('Unidade 8', '(21) 8901-2345', 8);

INSERT INTO turma (numeracao, modalidade, status_turma, curso_id, unidade_id)
VALUES
    (1, 'Presencial', 'Ativa', 1, 1),
    (2, 'Online', 'Ativa', 2, 8),
    (3, 'Presencial', 'Ativa', 3, 3),
    (4, 'Presencial', 'Ativa', 5, 4),
    (5, 'Presencial', 'Pendente', 8, 5);

INSERT INTO registro_facilitador(turma_id, facilitador_id , data_reg)
VALUES 
	(1, 4, '2024-01-15'), 
	(3, 1, '2024-01-25'), 
	(4, 2, '2024-02-05'), 
	(3, 6, '2024-03-10'), 
	(2, 6, '2024-04-15'),
	(1, 9, '2024-04-20'), 
	(2, 5, '2024-05-01'),
	(5, 8, '2024-06-25'); 

INSERT INTO historico (aluno_id, turma_id, data_his, nota) VALUES
	(1, 1, '2024-01-15', 9.5),
	(2, 1, '2024-01-18', 7.8),
	(3, 1, '2024-01-20', 4.0),
	(4, 1, '2024-01-22', 7.3),
	(5, 1, '2024-01-25', 8.7),
	(7, 1, '2024-01-30', 9.1),
	(8, 1, '2024-02-02', 8.9),
	(9, 1, '2024-02-05', 7.5),
	(10, 1, '2024-02-08', 9.2),
	(12, 1, '2024-02-12', 8.8),
	(13, 2, '2024-02-15', 8.3),
	(14, 2, '2024-02-18', 5.9),
	(15, 2, '2024-02-20', 9.2),
	(16, 2, '2024-02-22', 8.1),
	(17, 2, '2024-02-25', 8.6),
	(18, 2, '2024-02-28', 6.0),
	(19, 2, '2024-03-02', 8.7),
	(20, 2, '2024-03-05', 5.8),
	(21, 2, '2024-03-08', 8.5),
	(22, 2, '2024-03-10', 6.3),
	(23, 2, '2024-03-12', 5.0),
	(24, 2, '2024-03-15', 7.4),
	(25, 3, '2024-03-18', 8.8),
	(26, 3, '2024-03-20', 7.7),
	(27, 3, '2024-03-22', 9.1),
	(28, 3, '2024-03-25', 8.2),
	(30, 3, '2024-03-30', 9.4),
	(31, 3, '2024-04-02', 5.6),
	(32, 3, '2024-04-05', 7.9),
	(33, 3, '2024-04-08', 9.0),
	(34, 3, '2024-04-10', 8.3),
	(35, 3, '2024-04-12', 8.7),
	(36, 3, '2024-04-15', 9.2),
	(38, 3, '2024-04-20', 7.6),
	(39, 4, '2024-04-22', 9.3),
	(40, 4, '2024-04-25', 8.1),
	(41, 4, '2024-04-28', 6.7),
	(42, 4, '2024-04-30', 9.0),
	(43, 4, '2024-05-02', 8.8),
	(44, 4, '2024-05-05', 7.8),
	(45, 4, '2024-05-08', 5.6),
	(46, 4, '2024-05-10', 9.1),
	(47, 4, '2024-05-12', 8.5),
	(48, 4, '2024-05-15', 8.9),
	(49, 4, '2024-05-18', 5.9),
	(50, 4, '2024-05-20', 9.0),
	(6, 5, NULL, NULL),
	(11, 5, NULL, NULL),
	(29, 5, NULL, NULL),
	(37, 5, NULL, NULL);
        
INSERT INTO  responsavel_aluno(aluno_id, responsavel_id)
VALUES
	(2, 1),
	(3, 2),
	(4, 6),
	(28, 4),
	(29, 5),
	(35, 5),
	(47, 3);

INSERT INTO listagem (curso_id, unidade_id)
VALUES 
    (1, 1),   
    (2, 5),  
    (3, 3), 
    (4, 8),  
    (5, 2),   
    (6, 6),  
    (7, 4),   
    (8, 7),   
    (9, 1),   
    (10, 3),  
    (11, 5);  
